States,abbrv,State Rank,State Score,State Rating,SDG01, SDG01_color, SDG01_RANK, SDG02, SDG02_color, SDG02_RANK, SDG03, SDG03_color, SDG03_RANK, SDG04, SDG04_color, SDG04_RANK, SDG05, SDG05_color, SDG05_RANK, SDG06, SDG06_color, SDG06_RANK, SDG07, SDG07_color, SDG07_RANK, SDG08, SDG08_color, SDG08_RANK, SDG09, SDG09_color, SDG09_RANK, SDG10, SDG10_color, SDG010_RANK, SDG11, SDG11_color, SDG11_RANK, SDG12, SDG12_color, SDG012_RANK, SDG13, SDG13_color, SDG013_RANK, SDG15, SDG15_color, SDG015_RANK, SDG16, SDG16_color, SDG016_RANK,01.01_affordablehousing,01.01_affordablehousing_RATING,01.02_doccost,01.02_doccost_RATING,01.03_famleave,01.03_famleave_RATING,01.04_perpovline,01.04_perpovline_RATING,01.05_sickleave,01.05_sickleave_RATING,01.06_TANFpov,01.06_TANFpov_RATING,01.07_workingpoor,01.07_workingpoor_RATING,02.01_elderfood,02.01_elderfood_RATING,02.02_fooddesert,02.02_fooddesert_RATING,02.03_foodinsc,02.03_foodinsc_RATING,02.04_obesity,02.04_obesity_RATING,02.05_pesticide,02.05_pesticide_RATING,02.06_ruralinfra,02.06_ruralinfra_RATING,02.07_WICcoverage,02.07_WICcoverage_RATING,03.01_fertilityrate,03.01_fertilityrate_RATING,03.02_HIVrate,03.02_HIVrate_RATING,03.03_hpsa,03.03_hpsa_RATING,03.04_infantmort,03.04_infantmort_RATING,03.05_lifeexp,03.05_lifeexp_RATING,03.06_matmort,03.06_matmort_RATING,03.07_NCD,03.07_NCD_RATING,03.08_overdose,03.08_overdose_RATING,03.09_SmokingRate,03.09_SmokingRate_RATING,03.10_suicide,03.10_suicide_RATING,03.11_TB,03.11_TB_RATING,03.12_trafficdeath,03.12_trafficdeath_RATING,03.13_vaxcombo,03.13_vaxcombo_RATING,03.14_wellbeing,03.14_wellbeing_RATING,04.01_bachelors,04.01_bachelors_RATING,04.02_collegedebt,04.02_collegedebt_RATING,04.03_CTE,04.03_CTE_RATING,04.04_hsgradrate,04.04_hsgradrate_RATING,04.05_preschool,04.05_preschool_RATING,04.06_BasicReading,04.06_BasicReading_RATING,05.01_contradesertpov,05.01_contradesertpov_RATING,05.02_fem_laborforce,05.02_fem_laborforce_RATING,05.03_hatecrimelaw,05.03_hatecrimelaw_RATING,05.04_pergovwomen,05.04_pergovwomen_RATING,05.05_sexualviolence,05.05_sexualviolence_RATING,05.06_wagegap,05.06_wagegap_RATING,05.07_wbusiness,05.07_wbusiness_RATING,06.01_DamSafety,06.01_DamSafety_RATING,06.02_IncompletePlumbing,06.02_IncompletePlumbing_RATING,06.03_waterstress,06.03_waterstress_RATING,06.04_WaterViolations,06.04_WaterViolations_RATING,07.01_co2intensity_mt,07.01_co2intensity_mt_RATING,07.02_EnergyBurden,07.02_EnergyBurden_RATING,07.03_EnergyEfficiency,07.03_EnergyEfficiency_RATING,07.04_RenewableConsum,07.04_RenewableConsum_RATING,07.05_RenewableProduction,07.05_RenewableProduction_RATING,08.01_banking,08.01_banking_RATING,08.02_employdiscrim,08.02_employdiscrim_RATING,08.03_employment,08.03_employment_RATING,08.04_neets,08.04_neets_RATING,08.05_realGDPgrowth,08.05_realGDPgrowth_RATING,08.06_unbanked,08.06_unbanked_RATING,08.07_unemployment,08.07_unemployment_RATING,08.08_workfatality,08.08_workfatality_RATING,09.01_article_output,09.01_article_output_RATING,09.02_broadband,09.02_broadband_RATING,09.03_DeficientBridges,09.03_DeficientBridges_RATING,09.04_internetuse,09.04_internetuse_RATING,09.05_Patents,09.05_Patents_RATING,09.06_PoorRoads,09.06_PoorRoads_RATING,09.07_RDperGDP,09.07_RDperGDP_RATING,09.08_STEMjobs,09.08_STEMjobs_RATING,10.01_disabilitysupport,10.01_disabilitysupport_RATING,10.02_gini,10.02_gini_RATING,10.03_hateconcen,10.03_hateconcen_RATING,10.04_PollutionBurden,10.04_PollutionBurden_RATING,10.05_racismindex,10.05_racismindex_RATING,10.06_uninsured,10.06_uninsured_RATING,11.01_Commute,11.01_Commute_RATING,11.02_Overcrowding,11.02_Overcrowding_RATING,11.03_ParkAccess,11.03_ParkAccess_RATING,11.04_pm25,11.04_pm25_RATING,11.05_rentgrapi,11.05_rentgrapi_RATING,12.01_ChemicalPollution,12.01_ChemicalPollution_RATING,12.02_Leadcapita,12.02_Leadcapita_RATING,12.03_NOcapita,12.03_NOcapita_RATING,12.04_RecyclingIndex,12.04_RecyclingIndex_RATING,12.05_SO2capita,12.05_SO2capita_RATING,12.06_VOCcapita,12.06_VOCcapita_RATING,13.01_BuildingCodes,13.01_BuildingCodes_RATING,13.02_ClimAlliance,13.02_ClimAlliance_RATING,13.03_ClimateAware,13.03_ClimateAware_RATING,13.04_ClimatePlan,13.04_ClimatePlan_RATING,13.05_co2_capita,13.05_co2_capita_RATING,13.06_co2price,13.06_co2price_RATING,13.07_FEMAcoverage,13.07_FEMAcoverage_RATING,13.08_weathercosts,13.08_weathercosts_RATING,13.09_weatherinjury,13.09_weatherinjury_RATING,15.01_forest_change,15.01_forest_change_RATING,15.02_InvasiveManagement,15.02_InvasiveManagement_RATING,15.03_noncarbonfootprint,15.03_noncarbonfootprint_RATING,15.04_ProtectedArea,15.04_ProtectedArea_RATING,16.01_IncarcerationRate,16.01_IncarcerationRate_RATING,16.02_integrity,16.02_integrity_RATING,16.03_JailAdmission,16.03_JailAdmission_RATING,16.04_JusticeIndex,16.04_JusticeIndex_RATING,16.05_LegalClimate,16.05_LegalClimate_RATING,16.06_murderrate,16.06_murderrate_RATING,16.07_voting,16.07_voting_RATING
Alabama,AL,47,34.2,0,14.9,0,42,22.3,0,45,33.9,0,45,42.6,1,32,21.2,1,42,60.0,2,42,29.0,1,39,23.6,0,47,38.7,1,38,33.2,0,41,28.8,0,48,55.7,0,44,33.1,0,46,54.4,1,31,22.3,0,44,61,2,16.4,0,0,0,17.1,0,0,0,10.2,0,3.9,0,12.8,0,19.8,1,18.1,0,35.6,0,39.9,1,65.9,2,53.5,1,28.4,0,302.4,1,57.6,1,8.9,0,75.4,0,0.40,0,547.8,0,15.7,2,21.5,1,14.4,2,2.5,1,19.3,0,82.1,1,60.8,1,26.3,0,50,3,72.7,1,87.1,2,43.0,1,71.5,1,100.0,0,94.2,1,2,1,15.0,0,34.0,1,74.4,1,40.3,2,15.5,0,0.35,3,0.069,3,11.7,2,0.405,2,49,0,10.7,1,14.2,2,19.7,1,4.2,2,69.3,0,66.4,0,15.1,0,0.83,1,12.5,0,6.6,1,5.5,1,784.6,1,55.9,0,7.6,2,77.7,1,7.0,0,2,3,2.1,1,5.2,1,71.6,2,0.485,0,0.56,0,2.2,1,41.2,2,9.1,1,1.6,0,1.6,2,23,0,8.9,1,49.1,1,1628.3,0,0.0034,1,62.0,0,1,0,37.8,0,76.0,1,62,2,0,0,63.5,0,0,0,24.7,0,0.0,0,65.5,0,0.0097,3,0.96,2,1.1,1,0.66,2,34.5,2,1.8,0,1149.4,0,67,1,5667.5,0,27.8,0,61.1,0,8.4,0,57.4,1
Alaska,AK,43,38.9,0,27.2,0,19,32.1,1,38,45.8,1,37,30.3,0,48,28.7,1,29,44.3,0,50,19.5,0,46,39.1,1,41,29.9,0,43,48.1,2,9,39.6,2,26,23.3,0,49,52.4,0,26,91.8,3,1,31.3,1,31,32,0,13.0,1,0,0,9.9,3,0,0,26.8,0,1.8,3,7.6,1,30.3,0,12.7,1,31.4,1,25.9,2,43.7,1,44.3,0,25.8,1,109.3,2,29.1,0,5.6,1,78.1,1,0.19,3,378.8,2,16.0,2,19.0,1,23.0,0,7.0,0,10.0,2,75.8,0,61.6,2,27.6,1,49,3,71.5,1,76.1,0,35.8,1,70.8,0,86.2,0,93.8,1,2,1,31.7,2,44.6,0,84.2,2,38.5,1,85.7,3,4.06,0,NA,4,26.6,1,0.546,1,33,0,12.4,0,3.5,0,1.3,0,3.3,1,12.8,2,71.1,1,15.0,0,-2.60,0,3.5,2,6.5,1,5.9,1,511.3,0,69.4,2,9.7,1,77.6,1,4.0,0,21,1,0.6,0,6.5,2,68.2,1,0.408,1,0.00,3,1.2,2,40.8,2,14.0,0,10.3,3,6.8,0,63,3,8.7,1,41.9,1,1461.4,1,0.0239,0,180.2,0,1,0,27.1,0,685.8,0,53,1,0,0,69.6,2,1,3,49.0,0,0.0,0,86.0,2,0.0228,3,0.65,2,0.1,1,1.00,3,1.2,3,35.2,3,NA,4,76,1,NA,4,33.6,1,73.8,3,7.0,0,61.3,1
Arizona,AZ,29,45.9,1,25.1,0,22,37.5,1,29,54.9,1,26,30.4,0,47,37.2,0,17,62.1,2,39,42.3,1,23,38.0,1,42,59.8,2,9,48.3,2,7,33.4,0,37,70.8,1,29,58.1,0,20,57.8,2,25,32.5,0,30,26,0,13.6,1,0,0,16.4,1,1,3,6.2,0,3.9,0,10.8,0,18.4,1,14.6,1,28.9,2,29.5,2,55.7,1,51.1,1,23.6,1,270.0,2,45.1,0,6.1,1,79.5,2,0.23,2,361.9,2,19.0,1,14.7,2,17.8,1,2.7,1,12.4,1,76.0,0,62.2,2,27.1,0,49,3,47.9,0,79.5,0,39.6,1,73.9,1,99.9,0,92.9,0,3,2,40.0,3,41.3,0,81.8,2,42.7,2,87.7,3,0.66,2,0.080,3,36.0,1,0.409,2,34,0,5.5,2,10.2,1,20.8,1,2.6,0,33.5,1,69.8,1,14.8,0,1.92,2,8.5,1,6.5,1,3.9,2,1135.9,3,67.9,2,2.6,3,80.0,2,19.4,2,15,2,2.4,2,6.7,2,85.5,3,0.471,0,0.26,2,1.6,2,34.8,2,10.0,1,5.0,0,4.6,0,64,3,9.7,1,47.8,1,748.8,1,0.0035,1,29.8,2,1,0,6.2,2,32.3,2,53,1,0,0,68.8,2,1,3,13.4,0,0.0,0,95.6,3,0.0167,3,0.58,2,1.3,1,1.00,3,490.9,0,10.0,2,1276.0,0,64,1,4553.0,0,38.1,1,69.8,2,5.5,0,60.4,1
Arkansas,AR,46,34.9,0,13.5,0,44,19.9,0,47,30.1,0,48,38.3,0,36,19.7,0,45,69.4,2,28,23.5,1,43,34.9,0,44,20.1,0,49,34.3,0,40,31.8,0,41,58.6,0,41,33.6,0,43,78.3,3,4,17.8,0,48,50,1,15.3,0,0,0,17.2,0,0,0,4.8,0,3.7,1,9.2,0,19.7,1,17.5,0,36.0,0,44.6,0,50.0,1,48.0,0,34.6,0,214.8,2,62.6,1,7.5,0,75.8,0,0.50,0,566.0,0,13.8,2,23.6,1,17.2,1,2.8,1,15.6,0,79.9,1,59.4,0,24.8,0,56,2,70.8,1,87.0,2,51.0,2,70.1,0,85.6,0,94.7,2,1,0,19.3,0,37.5,1,78.3,1,38.1,1,69.1,1,0.50,2,0.086,3,17.1,2,0.524,1,50,0,9.8,1,11.5,1,8.3,1,5.1,2,49.3,0,68.3,0,15.1,0,1.35,1,9.7,0,5.5,2,7.5,0,474.0,0,49.1,0,6.3,2,76.8,1,7.1,0,24,1,0.5,0,4.1,0,55.6,0,0.472,0,0.54,0,1.2,2,41.3,2,7.9,2,2.3,0,3.1,1,22,0,7.2,2,44.5,1,588.2,2,0.0053,0,64.8,0,1,0,27.9,0,87.1,1,91,3,0,0,64.1,0,1,3,19.9,0,0.0,0,43.9,0,0.0799,2,7.63,0,1.5,2,1.00,3,19.4,3,8.4,2,1219.1,0,61,1,15846.6,0,36.9,1,67.2,1,7.2,0,58.7,1
California,CA,6,55.6,2,54.0,2,4,50.7,2,11,66.0,2,13,46.9,1,25,38.4,1,13,70.4,2,26,56.5,2,12,52.4,2,28,60.4,2,8,42.3,2,21,21.2,0,50,97.2,3,3,76.1,2,3,63.7,0,18,39.6,0,16,21,0,11.4,1,1,3,14.3,1,1,3,65.5,2,3.2,1,8.2,1,11.0,2,11.8,1,24.8,3,26.4,2,16.2,0,71.0,3,17.0,2,376.4,1,45.9,0,4.8,2,80.9,3,0.24,2,327.4,2,11.3,2,11.0,3,10.3,3,5.2,0,8.8,2,77.6,0,62.3,2,35.5,2,53,2,78.4,1,83.0,1,48.5,1,70.2,0,100.0,0,91.9,0,4,3,24.2,1,35.0,1,88.5,2,41.6,2,64.0,1,0.43,3,0.413,2,6.6,2,0.238,3,25,0,3.4,3,11.2,1,31.6,1,2.5,0,15.0,2,71.3,1,12.4,1,3.46,3,6.2,2,7.3,0,3.0,3,1003.6,3,72.3,2,5.5,2,77.9,1,43.7,3,50,0,5.0,3,7.3,2,81.0,3,0.490,0,0.20,2,2.1,1,56.8,1,7.3,2,9.0,2,8.4,0,65,3,11.7,0,55.4,0,225.2,2,0.0014,2,13.7,3,4,3,1.1,3,34.9,2,82,2,1,3,75.2,3,1,3,9.3,0,14.6,1,64.3,0,0.0263,3,0.23,3,-1.7,0,1.00,3,315.8,0,22.4,3,765.7,0,73,1,3805.9,0,50.0,2,60.0,0,4.9,0,57.9,1
Colorado,CO,15,52.2,2,24.3,0,24,56.6,2,2,65.8,2,14,58.5,2,4,43.4,2,5,85.4,3,2,33.3,0,35,65.0,2,13,51.6,2,16,34.6,0,37,50.5,2,6,75.1,2,24,55.4,0,24,39.0,1,44,45.0,0,8,27,0,12.0,1,0,0,11.0,2,0,0,26.3,0,2.4,2,3.8,3,17.3,1,10.3,1,22.0,3,23.7,3,64.7,2,41.0,0,17.8,2,253.6,2,38.4,0,5.6,1,80.2,3,0.20,3,301.4,3,15.4,2,15.6,2,19.0,0,1.5,2,9.0,2,83.5,2,62.9,3,40.4,3,53,2,97.4,3,78.9,0,48.9,1,78.3,2,94.6,0,93.3,1,4,3,38.0,2,36.2,1,84.3,2,40.6,2,96.2,3,0.31,3,0.130,3,9.0,2,0.661,1,32,0,5.2,2,8.6,1,3.7,0,3.6,1,36.0,1,76.0,2,10.7,2,3.30,3,4.4,2,4.8,2,4.0,2,900.9,2,73.6,3,5.7,2,75.4,0,17.4,2,21,1,2.1,1,8.7,3,76.4,2,0.459,0,0.29,2,3.8,0,55.5,1,7.5,2,7.4,1,2.7,2,74,3,6.6,2,52.3,0,312.6,2,0.0020,2,42.7,1,1,0,5.7,3,44.7,2,33,1,1,3,71.0,2,1,3,16.6,0,0.0,0,51.9,0,0.1693,0,0.54,2,0.3,1,0.33,1,113.8,0,9.7,2,856.9,0,67,1,5689.1,0,55.5,3,67.6,1,3.7,0,69.5,2
Connecticut,CT,10,54.8,2,45.4,0,7,44.8,1,18,67.5,2,10,63.1,2,2,35.6,1,20,68.8,2,31,45.4,2,20,56.5,2,21,54.1,2,12,34.3,0,39,40.3,1,25,97.6,3,1,69.9,2,10,51.4,0,34,47.7,2,6,36,0,9.9,2,0,0,9.8,3,1,3,23.5,0,1.4,3,6.0,2,28.8,0,12.3,1,25.4,3,25.4,2,63.1,2,43.1,0,9.4,3,338.7,1,0.2,0,5.5,1,80.8,3,0.28,2,302.7,3,22.1,1,13.3,3,9.6,3,1.8,2,7.7,2,85.5,2,61.7,2,43.4,3,60,1,78.5,1,87.4,2,65.8,2,81.9,3,100.0,0,95.8,2,4,3,27.3,1,37.4,1,79.4,1,36.2,1,81.9,2,0.27,3,0.023,3,40.1,0,0.235,3,35,0,3.3,3,5.4,1,13.3,1,4.5,2,7.1,3,75.9,2,9.7,2,-0.30,0,6.2,2,6.7,1,3.5,2,1084.9,3,75.1,3,8.0,2,78.1,1,28.5,3,57,0,3.9,3,6.8,2,69.2,2,0.495,0,0.14,2,3.5,0,63.9,0,4.9,3,8.1,2,1.8,2,41,1,8.6,1,51.3,0,356.0,2,0.0008,3,15.9,3,4,3,3.1,3,20.8,2,2,0,1,3,71.9,2,1,3,10.1,0,3.8,1,97.3,3,0.0009,3,0.08,3,5.6,3,1.00,3,390.0,0,1.9,0,NA,4,71,1,NA,4,59.8,3,71.8,2,2.2,2,63.9,1
Delaware,DE,26,46.6,1,28.2,0,17,48.6,2,13,49.5,1,33,47.0,2,24,38.5,2,12,49.7,2,47,51.4,0,15,57.8,2,18,53.6,2,14,43.9,1,15,39.0,1,29,70.6,0,30,64.6,2,13,28.3,0,49,28.4,0,34,33,0,11.3,1,0,0,11.7,2,0,0,37.9,1,2.0,2,5.5,2,18.5,1,10.8,1,30.2,1,30.5,2,77.0,3,51.7,1,19.5,2,404.9,1,31.9,0,7.7,0,78.6,2,0.40,0,397.2,2,22.0,1,17.7,1,12.5,2,1.6,2,10.1,2,86.0,3,60.7,1,32.5,1,63,1,87.4,2,85.5,2,50.5,2,73.4,1,100.0,0,96.4,3,4,3,21.0,1,33.6,1,82.0,2,38.5,1,61.9,1,0.28,3,0.575,2,61.2,0,0.498,1,40,0,4.6,2,2.8,0,100.0,3,4.5,2,17.6,2,72.4,1,11.3,2,1.57,2,4.8,2,5.9,1,4.4,2,891.7,2,73.2,2,4.9,2,73.1,0,14.1,1,16,2,4.2,3,7.4,3,74.1,2,0.452,0,0.42,1,2.3,1,38.5,2,5.7,2,5.3,1,1.7,2,53,2,9.1,1,49.9,1,1991.2,0,0.0011,2,26.9,2,1,0,4.2,3,20.4,2,30,0,1,3,70.7,2,1,3,14.2,0,3.8,1,78.7,1,0.0004,3,0.67,2,6.2,3,0.00,0,200.0,0,3.1,1,NA,4,56,0,NA,4,43.7,2,72.8,2,5.9,0,62.3,1
Florida,FL,33,43.8,1,12.4,0,45,51.2,2,10,49.2,1,35,47.6,2,21,39.2,1,10,52.9,2,45,43.1,1,22,45.4,1,35,51.0,2,18,37.4,0,31,35.7,0,35,71.8,2,28,61.7,0,17,29.8,0,48,28.0,0,35,27,0,16.6,0,0,0,14.7,1,0,0,12.2,0,3.4,1,6.8,2,19.7,1,12.0,1,27.1,2,25.3,2,76.6,3,51.4,1,19.3,2,615.2,0,21.8,0,6.6,0,79.6,2,0.40,0,383.7,2,16.2,2,15.5,2,14.1,2,2.6,1,14.1,1,82.9,2,62.4,2,29.0,1,52,2,89.1,2,80.7,1,50.5,2,75.0,1,99.1,0,94.3,1,3,2,26.3,1,32.9,1,86.8,2,42.7,2,28.9,0,0.28,3,0.132,3,37.2,1,0.462,2,36,0,5.4,2,7.1,1,43.2,2,3.4,1,36.9,1,70.7,1,13.1,1,2.77,3,5.9,2,7.2,0,4.6,2,1069.8,3,68.6,2,2.1,3,80.9,2,14.5,1,11,2,1.1,1,4.6,1,68.3,1,0.485,0,0.31,1,1.2,2,39.7,2,12.5,0,4.3,0,3.0,2,39,1,6.8,2,56.2,0,1192.7,1,0.0020,2,25.9,2,1,0,7.5,2,35.7,2,95,3,0,0,70.0,2,1,3,11.4,0,0.0,0,90.1,3,0.1695,0,0.49,3,-1.2,0,0.00,0,113.0,0,10.8,2,1171.2,0,61,1,5095.1,0,35.1,1,60.5,0,5.4,0,59.5,1
Georgia,GA,38,41.2,1,11.6,0,46,33.8,1,33,44.3,1,38,45.5,1,28,33.7,1,21,48.4,2,48,41.4,1,25,33.7,0,45,53.1,2,15,36.0,0,36,30.3,1,46,79.5,2,16,48.4,0,30,55.3,1,29,23.4,0,43,38,0,16.6,0,0,0,16.0,1,0,0,4.7,0,3.6,1,9.2,0,23.3,1,14.0,1,31.0,1,35.3,1,66.1,2,48.8,0,23.6,1,588.0,0,43.8,0,7.2,0,77.4,1,0.51,0,455.0,1,12.7,2,17.9,1,12.1,2,2.8,1,13.0,1,89.0,3,61.3,1,31.5,1,60,1,99.2,3,79.4,0,48.0,1,73.5,1,93.0,0,93.9,1,2,1,26.7,1,32.6,1,81.9,2,43.9,2,10.1,0,0.33,3,0.071,3,37.7,1,0.450,2,41,0,6.4,2,10.4,1,43.1,2,3.2,0,51.1,0,70.8,1,15.1,0,2.75,3,11.9,0,6.9,0,4.8,2,999.1,2,66.4,1,4.7,2,81.6,2,12.7,1,4,3,1.4,1,6.0,2,71.0,2,0.481,0,0.31,1,1.7,2,40.3,2,12.9,0,3.9,0,2.3,2,27,1,9.0,1,48.7,1,939.4,1,0.0013,2,31.3,1,2,1,9.2,2,30.5,2,76,2,0,0,67.7,1,0,0,13.4,0,0.0,0,95.9,3,0.0344,3,0.64,2,-0.5,0,1.00,3,65.9,1,4.3,1,1271.0,0,63,1,7677.2,0,31.4,1,64.1,1,6.6,0,60.2,1
Hawaii,HI,13,54.2,2,35.3,0,11,51.7,2,9,67.6,2,8,37.9,0,39,43.9,2,4,74.4,3,21,59.9,0,9,61.1,2,17,26.5,0,45,65.0,2,1,45.9,0,14,77.8,1,18,70.2,0,9,57.4,0,26,38.5,1,19,35,0,7.4,2,0,0,9.3,3,0,0,38.1,1,1.5,3,4.7,3,25.5,0,8.7,2,24.2,3,26.7,2,54.3,1,51.6,1,19.2,2,233.1,2,69.8,2,5.7,1,81.3,3,0.30,1,321.7,2,11.3,2,13.1,3,13.0,2,8.1,0,8.3,2,84.8,2,63.4,3,30.7,1,50,3,66.2,0,82.7,1,46.5,1,68.1,0,100.0,0,95.0,2,4,3,28.9,1,33.3,1,83.5,2,42.4,2,96.8,3,0.65,2,NA,4,4.9,3,0.728,0,19,0,3.9,3,10.2,1,100.0,3,3.2,0,20.4,2,72.7,1,10.9,2,1.84,2,2.4,3,4.7,2,3.9,2,685.6,1,73.4,3,5.7,2,76.3,0,6.0,0,39,0,0.8,1,4.3,0,81.2,3,0.442,1,0.00,3,1.3,2,28.5,2,3.5,3,12.2,3,9.1,0,83,3,5.9,3,55.6,0,458.1,2,0.0023,2,35.7,1,2,1,13.6,1,60.1,1,0,0,1,3,78.5,3,1,3,13.0,0,0.0,0,100.0,3,0.0001,3,0.46,3,-15.8,0,1.00,3,NA,4,12.5,2,NA,4,69,1,NA,4,62.2,3,70.0,2,2.5,1,47.3,0
Idaho,ID,18,50.6,2,15.2,0,41,41.9,1,20,62.6,2,17,37.5,0,40,20.6,0,44,73.0,3,24,70.3,2,5,67.6,2,12,54.1,2,13,34.5,0,38,46.0,2,13,71.8,1,27,43.9,0,35,81.2,2,2,38.7,1,17,34,0,14.1,1,0,0,14.4,1,0,0,7.1,0,3.4,1,4.7,3,19.1,1,12.1,1,27.2,2,42.8,0,62.7,2,47.6,0,20.1,2,79.2,3,48.4,0,5.6,1,79.1,2,0.34,1,337.5,2,14.2,2,14.5,2,19.7,0,0.5,3,13.1,1,82.7,2,62.8,3,26.3,0,66,0,95.2,3,79.7,0,33.8,0,81.1,2,92.0,0,90.8,0,2,1,30.5,2,40.5,0,75.9,1,39.0,1,96.5,3,0.55,2,0.260,3,19.7,2,0.117,3,31,0,8.9,1,27.4,3,100.0,3,4.5,2,5.5,3,72.9,1,12.1,1,2.83,3,3.6,2,4.8,2,4.7,2,627.0,1,62.0,1,9.2,2,83.9,3,26.3,3,15,2,3.4,2,6.0,2,59.4,1,0.450,0,0.71,0,0.7,2,36.1,2,10.1,1,4.6,0,2.7,2,52,2,5.9,3,45.9,1,559.6,2,0.0042,1,49.8,1,2,1,5.6,3,132.1,0,73,2,0,0,64.9,1,0,0,10.8,0,0.0,0,79.9,1,0.0794,2,0.48,3,0.7,1,1.00,3,34.1,2,13.8,3,1022.6,0,62,1,6257.8,0,36.5,1,75.0,3,2.9,1,62.1,1
Illinois,IL,22,49.2,1,22.0,0,30,47.5,1,14,60.8,2,20,50.9,2,16,41.6,2,6,80.7,2,8,37.8,1,32,47.7,2,33,55.1,2,11,32.0,0,45,45.3,2,17,77.1,1,20,56.0,0,22,49.2,2,35,35.0,0,26,32,0,11.2,1,0,0,13.0,2,0,0,15.8,0,2.6,2,7.1,2,17.8,1,11.1,1,31.1,1,20.4,3,64.0,2,48.1,0,18.7,2,330.1,1,57.4,1,6.7,0,79.1,2,0.32,1,393.6,2,14.1,2,15.8,2,9.9,3,2.6,1,7.4,2,84.0,2,61.1,1,41.7,3,61,1,68.9,1,85.5,2,57.4,2,77.5,2,99.8,0,94.8,2,4,3,35.6,2,36.6,1,79.3,1,40.6,2,82.3,2,0.28,3,0.345,2,6.1,2,0.385,2,36,0,5.7,2,6.4,1,12.5,1,4.3,2,39.6,1,74.4,2,11.9,2,0.99,1,7.1,1,6.8,1,3.9,2,1000.8,3,67.4,2,8.4,2,84.2,3,19.0,2,18,2,2.1,1,5.8,1,55.8,0,0.481,0,0.25,2,1.9,2,67.8,0,6.5,2,12.9,3,2.5,2,59,2,10.2,0,48.6,1,1973.2,0,0.0020,2,32.0,1,3,2,13.5,1,28.0,2,52,1,0,0,72.6,3,1,3,17.0,0,0.0,0,87.2,2,0.0542,2,0.67,2,2.7,2,1.00,3,98.3,1,2.6,0,751.1,0,67,1,3829.7,0,53.0,3,59.1,0,8.2,0,63.8,1
Indiana,IN,41,39.9,0,18.8,0,36,31.3,1,41,49.3,1,34,54.6,2,9,16.5,1,48,61.8,2,40,23.3,0,44,54.8,2,27,49.5,2,23,42.6,1,19,29.9,0,47,53.2,0,46,31.0,0,47,52.1,1,33,29.0,0,33,38,0,12.6,1,0,0,14.1,1,0,0,7.2,0,2.9,1,9.9,0,21.4,1,15.2,1,32.0,1,33.6,1,59.0,2,48.4,0,23.5,1,195.7,2,78.4,2,7.3,0,77.2,1,0.35,1,459.6,1,19.5,1,21.1,1,14.1,2,1.5,2,10.6,2,81.8,1,60.4,1,30.6,1,59,1,99.6,3,86.8,2,42.6,1,79.5,2,98.9,0,94.5,1,1,0,20.0,1,37.5,1,74.1,1,39.1,1,31.6,0,0.30,3,0.442,2,10.5,2,0.837,0,33,0,9.6,1,5.9,1,22.9,1,4.3,2,38.2,1,74.1,2,11.6,2,1.92,2,4.8,2,5.6,1,5.1,1,977.3,2,62.4,1,8.0,2,79.7,1,19.5,2,8,3,2.3,2,4.9,1,72.2,2,0.453,0,0.39,1,1.4,2,46.4,1,8.1,1,3.7,0,1.8,2,26,0,9.7,1,46.1,1,3628.4,0,0.0053,0,54.6,0,3,2,47.6,0,38.9,2,66,2,0,0,64.1,0,0,0,28.5,0,0.0,0,46.9,0,0.0071,3,0.52,2,0.9,1,1.00,3,77.9,1,2.8,0,1066.8,0,62,1,5245.4,0,26.9,0,71.9,2,6.6,0,58.3,1
Iowa,IA,17,51.2,2,28.6,0,16,38.3,1,28,67.7,2,7,53.4,2,13,31.0,1,27,63.2,2,36,53.8,2,13,81.1,3,3,41.7,2,31,44.9,0,14,39.2,1,28,70.2,0,32,53.7,0,25,56.1,0,28,44.9,1,9,39,0,7.7,2,0,0,11.8,2,0,0,21.9,0,2.4,2,6.3,2,18.1,1,10.7,1,31.6,1,37.3,1,56.0,1,47.2,0,17.2,2,93.5,3,62.2,1,5.0,2,79.5,2,0.25,2,389.3,2,10.3,3,16.7,2,13.6,2,1.5,2,10.1,2,84.0,2,61.7,2,34.5,2,65,1,84.2,2,91.3,3,48.1,1,80.8,2,92.5,0,95.4,2,3,2,23.3,1,33.3,1,76.5,1,37.8,1,30.4,0,0.29,3,0.285,3,11.6,2,0.554,1,40,0,9.6,1,27.7,3,92.9,3,5.7,3,6.1,3,79.5,3,8.4,3,2.19,2,4.2,2,3.6,3,5.5,1,835.5,2,63.0,1,20.5,0,85.2,3,17.3,2,18,2,1.9,1,4.9,1,58.8,0,0.445,1,0.13,2,1.5,2,59.1,0,4.3,3,5.2,1,1.9,2,33,1,7.8,2,44.4,1,531.7,2,0.0032,1,60.8,0,2,1,27.1,0,55.4,2,72,2,0,0,66.9,1,1,3,24.3,0,0.0,0,99.1,3,0.1649,0,0.46,3,-3.0,0,1.00,3,31.4,2,1.3,0,622.2,0,67,1,6215.0,0,36.6,1,72.6,2,2.3,2,63.4,1
Kansas,KS,27,46.5,1,22.5,0,29,32.0,1,39,57.1,1,24,50.9,2,15,31.4,1,25,77.0,3,18,38.7,1,30,63.3,2,15,42.8,1,29,42.8,1,18,39.4,1,27,66.1,0,35,35.2,0,40,64.8,2,15,33.7,0,29,44,1,11.7,1,0,0,12.1,2,0,0,10.3,0,3.0,1,6.3,2,23.3,1,14.5,1,30.9,1,38.8,1,53.0,1,46.2,0,21.9,1,118.6,2,51.3,1,6.8,0,78.5,2,0.34,1,400.8,2,11.8,2,17.2,1,15.6,1,1.0,2,12.1,1,83.5,2,61.2,1,35.6,2,60,1,83.4,2,85.7,2,45.5,1,78.6,2,99.6,0,94.9,2,3,2,28.5,1,35.3,1,77.4,1,38.1,1,85.9,3,0.39,3,0.140,3,15.9,2,0.540,1,30,0,7.9,1,13.7,2,21.1,1,5.7,3,23.2,2,76.2,2,11.0,2,1.03,1,7.6,1,4.2,3,5.0,2,786.9,1,64.3,1,8.6,2,79.4,1,14.6,1,13,2,1.8,1,5.5,1,70.9,2,0.455,0,0.24,2,1.5,2,51.2,1,8.7,1,3.2,0,2.1,2,39,1,7.3,2,43.7,1,222.8,2,0.0033,1,88.1,0,1,0,13.5,1,91.3,1,2,0,0,0,65.3,1,0,0,21.7,0,0.0,0,99.7,3,0.0362,3,0.61,2,1.0,1,1.00,3,22.9,3,<1,0,824.4,0,59,0,7783.2,0,30.2,1,71.5,2,3.8,0,61.3,1
Kentucky,KY,44,37.1,0,19.1,0,35,25.0,0,43,34.5,0,44,43.6,1,31,25.4,1,35,52.0,2,46,17.2,0,48,41.6,1,38,34.3,1,39,43.0,0,16,33.0,1,38,58.2,0,42,46.4,0,32,59.1,0,24,23.5,0,42,57,2,12.1,1,0,0,18.5,0,0,0,20.3,0,3.5,1,10.8,0,15.7,2,17.3,0,34.0,0,45.5,0,59.7,2,53.4,1,30.9,0,179.6,2,61.0,1,6.8,0,75.8,0,0.34,1,562.4,0,29.9,0,24.5,0,16.0,1,1.5,2,14.2,1,83.8,2,59.8,0,27.3,1,63,1,79.3,1,88.6,2,45.0,1,77.9,2,96.0,0,94.7,2,3,2,16.7,0,39.1,1,79.7,1,36.5,1,65.5,1,0.47,3,0.093,3,53.0,0,0.900,0,32,0,10.1,1,5.1,1,4.4,0,4.6,2,20.5,2,67.7,0,13.5,1,0.95,1,9.0,1,6.2,1,5.5,1,745.0,1,61.7,1,8.1,2,77.5,1,12.8,1,8,3,1.0,1,3.9,0,72.3,2,0.481,0,0.52,0,1.7,2,34.1,2,5.1,2,3.7,0,2.0,2,29,1,8.8,1,45.2,1,1352.1,1,0.0024,2,58.9,0,1,0,46.2,0,61.2,1,77,2,0,0,62.4,0,1,3,29.4,0,0.0,0,69.8,0,0.0097,3,0.75,2,-0.2,0,1.00,3,38.1,2,1.4,0,1110.3,0,67,1,10099.6,0,38.3,1,61.7,0,5.9,0,57.0,1
Louisiana,LA,50,31.2,0,5.3,0,50,19.5,0,48,27.6,0,49,28.7,0,49,28.4,0,30,70.7,2,25,18.2,0,47,20.3,0,49,24.7,0,47,32.7,1,43,31.0,0,43,46.6,0,47,33.3,0,44,68.0,2,12,12.4,0,50,46,1,17.6,0,0,0,20.2,0,0,0,4.2,0,4.7,0,14.1,0,22.7,1,18.3,0,35.3,0,34.2,1,46.3,1,50.8,1,30.6,0,504.7,0,68.2,2,8.4,0,75.6,0,0.50,0,522.4,0,19.0,1,22.8,1,13.3,2,3.0,1,15.0,0,78.1,0,58.9,0,26.4,0,50,3,60.7,0,78.6,0,52.6,2,66.0,0,95.4,0,95.3,2,3,2,14.6,0,29.5,2,69.5,0,41.3,2,100.0,3,0.38,3,0.042,3,41.1,0,0.494,1,31,0,20.6,0,3.5,0,4.9,0,4.2,2,36.3,1,66.6,0,17.0,0,-0.13,0,14.0,0,6.3,1,7.5,0,740.0,1,57.5,0,13.5,1,79.5,1,9.5,1,26,1,0.5,0,3.6,0,67.5,1,0.499,0,0.30,2,2.2,1,48.0,1,10.3,1,3.6,0,2.4,2,27,1,7.8,2,54.5,0,3305.4,0,0.0032,1,72.5,0,1,0,34.7,0,101.7,0,86,2,0,0,65.5,1,0,0,46.7,0,0.0,0,99.2,3,0.8091,0,0.95,2,1.8,2,1.00,3,40.5,2,5.2,1,1527.2,0,59,0,9151.8,0,29.2,1,56.6,0,11.8,0,61.6,1
Maine,ME,7,55.4,2,27.3,0,18,37.2,1,30,59.6,2,21,58.5,2,5,38.3,0,14,75.4,3,19,71.9,2,4,72.4,2,10,31.9,1,41,47.7,1,10,38.9,1,30,84.6,2,8,64.2,2,15,69.4,2,9,53.4,0,3,46,1,10.8,1,0,0,12.5,2,0,0,21.7,0,2.2,2,6.9,2,12.9,2,16.4,0,29.1,2,41.0,0,54.9,1,51.3,1,14.7,2,128.5,2,42.3,0,6.3,1,79.0,2,0.18,3,382.8,2,21.2,1,19.8,1,16.0,1,1.0,2,11.9,1,84.2,2,61.6,2,34.0,2,55,2,89.8,2,87.0,2,47.3,1,81.1,2,77.2,0,96.9,3,3,2,33.9,2,40.3,0,84.0,2,34.7,0,100.0,3,0.76,2,0.021,3,12.1,2,0.222,3,38,0,7.9,1,36.5,3,100.0,3,5.6,3,2.3,3,74.6,2,9.9,2,1.06,1,2.3,3,4.9,2,4.1,2,397.9,0,69.8,2,14.4,1,83.9,3,8.5,1,21,1,0.9,1,4.7,1,73.0,2,0.452,0,0.23,2,0.9,2,50.1,1,8.0,1,5.1,1,1.7,2,17,0,6.4,2,46.6,1,307.8,2,0.0028,2,35.8,1,3,2,7.7,2,40.2,2,79,2,0,0,69.2,2,1,3,12.6,0,3.8,1,99.5,3,0.0038,3,0.14,3,-0.5,0,1.00,3,18.7,3,4.7,1,453.9,0,59,0,4667.1,0,48.8,2,73.2,2,1.5,2,72.7,2
Maryland,MD,8,55.1,2,45.1,0,8,53.2,2,5,53.2,1,29,54.1,2,10,45.9,2,3,73.1,3,23,40.7,1,28,56.3,2,22,65.1,2,6,39.4,1,27,48.8,2,8,83.6,2,11,79.6,2,2,45.6,1,39,42.2,0,15,34,0,10.8,1,0,0,9.7,3,1,3,30.0,0,1.5,3,5.5,2,19.6,1,10.1,1,29.4,2,32.1,2,85.4,3,63.5,2,15.9,2,657.8,0,47.2,0,7.1,0,79.2,2,0.44,0,384.7,2,20.9,1,13.7,3,9.3,3,3.4,1,8.4,2,84.9,2,61.3,1,41.5,3,54,2,69.0,1,87.6,2,47.7,1,76.2,2,98.6,0,95.8,2,4,3,32.4,2,38.2,1,83.6,2,43.1,2,97.5,3,0.32,3,0.087,3,36.4,1,0.499,1,31,0,4.3,2,5.4,1,20.4,1,3.6,1,38.1,1,76.6,2,10.8,2,1.41,1,4.8,2,5.5,2,3.9,2,1008.0,3,74.3,3,5.8,2,81.3,2,9.4,1,24,1,5.6,3,9.3,3,76.6,2,0.450,1,0.30,2,3.5,0,49.7,1,6.1,2,11.6,3,2.3,2,64,3,9.0,1,48.9,1,585.4,2,0.0010,3,21.1,2,2,1,7.4,2,18.9,3,68,2,1,3,75.1,3,1,3,9.9,0,3.8,1,98.2,3,0.0018,3,0.26,3,0.1,1,1.00,3,296.0,0,3.5,1,757.3,0,64,1,2478.9,0,60.4,3,70.8,2,8.0,0,65.8,2
Massachusetts,MA,1,61.0,2,50.0,2,5,56.3,2,4,74.2,2,2,63.5,2,1,37.3,2,16,77.9,3,14,51.8,2,14,71.4,2,11,70.8,2,2,41.8,2,22,63.1,2,1,86.0,2,7,65.4,0,12,46.9,1,38,59.2,2,1,46,1,8.8,2,0,0,10.4,3,1,3,37.6,1,1.3,3,7.4,2,25.2,0,10.3,1,23.0,3,19.0,3,72.5,3,56.8,1,8.5,3,338.4,1,38.7,0,4.6,2,80.4,3,0.15,3,304.1,3,25.7,0,13.6,3,8.5,3,3.1,1,5.6,3,93.3,3,62.5,2,51.3,3,60,1,78.6,1,87.5,2,59.7,2,82.9,3,99.7,0,96.3,3,4,3,24.5,1,34.2,1,82.2,2,35.8,1,97.9,3,0.34,3,0.052,3,26.5,1,0.397,2,30,0,3.3,3,5.7,1,52.7,2,4.2,2,7.4,3,77.3,3,8.0,3,1.88,2,5.7,2,5.7,1,2.4,3,1387.5,3,76.8,3,9.3,1,75.6,0,28.6,3,16,2,5.9,3,9.0,3,70.9,2,0.479,0,0.18,2,3.2,1,54.6,1,2.5,3,15.6,3,1.9,2,67,3,6.2,2,49.6,1,339.5,2,0.0011,2,17.1,3,2,1,2.5,3,19.4,3,23,0,1,3,73.9,3,1,3,9.7,0,3.8,1,56.2,0,0.0026,3,0.09,3,0.0,1,1.00,3,388.2,0,4.4,1,422.5,0,67,1,1276.6,1,63.8,3,72.1,2,2.0,2,66.7,2
Michigan,MI,25,47.2,1,19.5,0,33,38.6,1,27,53.9,1,27,36.8,1,42,27.6,1,33,84.8,3,3,38.7,1,29,48.8,1,31,56.5,2,10,40.1,2,26,35.9,1,33,75.4,1,23,48.6,0,29,68.2,2,10,34.0,0,28,38,0,12.8,1,0,0,15.0,1,0,0,13.8,0,2.7,2,7.4,2,21.0,1,14.3,1,32.1,1,23.7,3,43.8,1,56.3,1,17.7,2,174.6,2,55.9,1,7.2,0,78.0,1,0.36,1,443.0,1,20.4,1,20.4,1,13.0,2,1.3,2,7.5,2,79.7,1,61.3,1,31.8,1,63,1,77.5,1,79.7,0,48.3,1,75.6,1,98.9,0,95.0,2,2,1,25.0,1,37.6,1,78.3,1,40.8,2,92.9,3,0.34,3,0.184,3,5.4,3,0.522,1,32,0,6.5,2,7.3,1,29.1,1,3.9,1,27.1,1,71.2,1,12.6,1,1.94,2,6.0,2,7.0,0,4.0,2,1043.3,3,64.9,1,11.1,1,77.8,1,24.2,2,21,1,4.2,3,7.3,2,81.3,3,0.470,0,0.28,2,3.3,1,55.6,1,5.4,2,4.1,0,1.7,2,41,1,8.7,1,49.4,1,1241.6,1,0.0015,2,35.1,1,2,1,17.0,1,36.2,2,26,0,0,0,68.4,1,1,3,16.4,0,0.0,0,81.0,2,0.1285,0,0.43,3,0.9,1,1.00,3,46.6,2,7.5,2,885.9,0,51,0,4701.3,0,43.5,2,70.4,2,6.0,0,64.3,1
Minnesota,MN,4,58.6,2,34.9,0,12,52.2,2,7,74.9,2,1,47.9,1,20,39.4,2,9,87.7,3,1,50.9,1,16,78.6,2,5,61.2,2,7,38.9,0,29,48.3,2,11,83.5,2,12,59.7,0,19,68.2,2,11,52.9,2,4,36,0,9.5,2,0,0,9.9,3,0,0,56.5,2,1.9,2,3.9,3,23.9,1,9.7,2,27.2,2,31.7,2,66.5,2,63.4,2,12.6,3,171.3,2,47.7,0,5.1,1,80.8,3,0.18,3,305.6,3,10.6,3,15.2,2,12.4,2,3.2,1,6.9,3,83.8,2,63.1,3,40.1,2,68,0,84.6,2,82.2,1,46.2,1,81.2,2,96.8,0,96.2,3,4,3,32.3,2,42.5,0,83.0,2,37.0,1,96.4,3,0.31,3,0.243,3,1.3,3,0.497,1,37,0,6.0,2,14.5,2,72.2,2,3.9,1,16.2,2,81.1,3,7.5,3,2.07,2,3.4,2,4.0,3,2.8,3,703.8,1,69.2,2,6.0,2,85.4,3,28.3,3,15,2,2.5,2,6.8,2,76.3,2,0.450,1,0.18,2,3.6,0,70.0,0,4.1,3,7.1,1,2.2,2,62,2,7.5,2,45.7,1,301.9,2,0.0028,2,45.3,1,3,2,8.5,2,55.6,2,57,1,1,3,68.9,2,1,3,16.0,0,0.0,0,60.0,0,0.0134,3,1.11,1,0.2,1,1.00,3,37.9,2,6.6,1,436.6,0,62,1,5294.5,0,54.6,3,74.2,3,1.8,2,68.7,2
Mississippi,MS,49,31.6,0,5.8,0,49,12.6,0,50,26.2,0,50,35.6,0,44,25.5,1,34,79.9,3,10,28.4,0,41,9.6,0,50,18.1,0,50,26.6,0,50,30.9,0,44,61.9,0,39,26.9,0,49,66.7,2,14,18.8,0,47,51,1,19.2,0,0,0,20.8,0,0,0,6.7,0,4.9,0,11.9,0,22.0,1,18.7,0,37.3,0,39.0,1,24.7,0,52.3,1,32.6,0,374.0,1,41.2,0,9.5,0,74.7,0,0.54,0,607.3,0,12.3,2,22.7,1,13.3,2,1.8,2,22.4,0,80.3,1,59.6,0,23.0,0,60,1,87.9,2,82.3,1,54.0,2,62.8,0,89.6,0,95.8,2,2,1,14.9,0,37.4,1,75.3,1,41.6,2,87.9,3,0.46,3,0.035,3,10.1,2,0.417,2,31,0,12.0,0,6.4,1,14.4,1,4.5,2,62.4,0,65.2,0,17.0,0,0.41,0,12.6,0,7.7,0,9.3,0,802.1,2,46.0,0,12.3,1,75.2,0,5.9,0,28,1,0.9,1,3.3,0,30.2,0,0.483,0,0.60,0,1.2,2,42.3,2,11.8,0,2.0,0,2.4,2,22,0,7.5,2,48.1,1,1208.3,1,0.0026,2,52.4,0,1,0,32.9,0,63.6,1,3,0,0,0,65.7,1,0,0,21.8,0,0.0,0,92.7,3,0.1844,0,3.28,0,-0.8,0,1.00,3,22.6,3,4.1,1,1352.0,0,61,1,8417.2,0,14.7,0,61.1,0,8.0,0,67.7,2
Missouri,MO,35,42.6,1,20.4,0,32,33.3,1,34,42.6,1,42,46.6,2,27,35.8,1,19,62.3,2,38,35.1,0,33,48.8,2,32,39.1,1,37,40.6,1,25,36.9,1,32,70.5,0,31,41.7,0,36,61.8,2,19,23.9,0,41,43,1,13.4,1,0,0,14.0,1,0,0,18.9,0,3.1,1,5.5,2,21.7,1,14.2,1,31.1,1,39.7,1,46.6,1,51.5,1,23.4,1,234.0,2,17.0,0,6.7,0,77.4,1,0.37,1,460.4,1,17.9,2,22.1,1,15.8,1,1.4,2,12.1,1,81.0,1,60.7,1,33.7,2,57,2,67.0,0,89.0,3,44.9,1,77.0,2,99.6,0,95.2,2,4,3,23.4,1,34.6,1,78.5,1,38.7,1,29.2,0,0.40,3,0.135,3,11.1,2,0.797,0,28,0,7.0,2,5.3,1,44.8,2,4.5,2,35.2,1,73.2,2,11.5,2,0.82,1,8.5,1,5.5,2,4.8,2,865.0,2,61.8,1,13.1,1,79.9,2,10.4,1,24,1,2.5,2,5.6,1,77.5,2,0.465,0,0.39,1,2.0,1,44.6,2,8.9,1,3.7,0,1.7,2,34,1,8.3,1,43.7,1,973.8,1,0.0024,2,55.0,0,2,1,26.1,0,59.4,2,73,2,0,0,66.1,1,0,0,20.3,0,0.0,0,98.7,3,0.0247,3,1.62,1,-0.4,0,1.00,3,37.7,2,3.3,1,1074.2,0,62,1,5311.6,0,31.7,1,58.1,0,8.8,0,64.8,1
Montana,MT,24,47.9,1,22.8,0,27,40.1,1,24,51.2,1,31,46.8,2,26,25.2,1,37,78.0,3,13,45.4,1,19,63.3,2,16,31.1,1,42,37.4,0,32,52.6,2,3,55.5,0,45,49.4,0,28,80.5,2,3,38.6,0,18,44,1,11.3,1,0,0,13.3,2,0,0,16.8,0,3.0,1,6.3,2,22.5,1,12.9,1,25.1,3,32.0,2,45.3,1,39.1,0,23.7,1,66.1,3,38.4,0,6.1,1,78.9,2,0.35,1,365.9,2,13.8,2,18.5,1,23.6,0,0.3,3,15.7,0,75.0,0,62.6,2,32.1,1,60,1,77.0,1,85.6,2,44.0,1,82.4,3,91.4,0,95.6,2,2,1,28.0,1,41.4,0,73.1,1,38.8,1,92.8,3,0.47,3,0.037,3,16.8,2,0.591,1,22,0,9.6,1,30.6,3,10.6,1,4.9,2,4.3,3,74.9,2,13.2,1,1.56,1,4.0,2,4.7,2,5.6,1,527.7,0,63.8,1,8.8,2,76.7,1,9.9,1,10,3,1.0,1,5.2,1,55.7,0,0.467,0,0.96,0,-0.2,3,25.9,2,8.1,1,7.3,1,2.2,2,58,2,6.0,3,43.6,1,236.4,2,0.0058,0,100.6,0,0,0,22.3,0,169.6,0,41,1,0,0,66.1,1,1,3,31.3,0,0.0,0,90.2,3,0.0064,3,0.76,2,1.4,1,1.00,3,9.6,3,8.4,2,812.2,0,64,1,6769.7,0,33.1,1,68.7,2,3.5,0,65.9,2
Nebraska,NE,19,50.1,2,24.3,0,25,34.7,1,32,70.8,2,4,47.4,2,23,31.6,1,24,83.8,3,5,50.2,1,17,85.1,3,1,39.1,2,36,36.9,1,33,41.3,1,23,62.1,0,38,38.8,0,38,59.9,0,21,46.2,1,7,41,1,12.1,1,0,0,11.4,2,0,0,19.9,0,2.8,1,7.1,2,18.1,1,14.7,1,31.6,1,35.8,1,49.3,1,51.5,1,19.1,2,131.6,2,56.0,1,5.4,1,79.4,2,0.28,2,355.7,2,6.9,3,17.0,2,11.9,2,1.0,2,7.9,2,89.2,3,62.1,2,37.4,2,61,1,63.4,0,89.3,3,42.8,1,81.5,3,97.3,0,95.6,2,3,2,26.5,1,37.2,1,77.5,1,38.3,1,95.8,3,0.29,3,0.278,3,9.2,2,0.629,1,26,0,8.5,1,18.6,2,71.3,2,6.2,3,5.3,3,80.4,3,8.1,3,2.24,2,5.1,2,3.2,3,5.0,2,852.7,2,66.6,2,15.4,0,81.5,2,8.4,1,10,3,1.0,1,5.7,1,62.0,1,0.448,1,0.26,2,2.1,1,53.4,1,8.6,1,4.0,0,2.1,2,40,1,7.0,2,44.1,1,232.5,2,0.0038,1,84.5,0,1,0,31.8,0,52.1,2,76,2,0,0,64.4,1,0,0,26.7,0,0.0,0,91.0,3,0.1946,0,0.64,2,-2.8,0,1.00,3,17.6,3,1.0,0,658.0,0,67,1,5820.0,0,37.0,1,73.5,3,2.6,1,66.8,2
Nevada,NV,31,44.8,1,15.3,0,40,56.6,2,3,47.6,1,36,33.6,0,45,41.4,2,7,84.4,3,4,66.9,2,7,36.7,1,43,49.7,2,21,32.8,0,42,37.2,1,31,62.6,0,37,51.3,0,27,33.8,0,46,22.1,0,46,15,0,16.0,0,0,0,13.8,1,0,0,22.2,0,3.0,1,6.0,2,14.3,2,12.1,1,25.5,3,16.1,3,59.3,2,53.6,1,24.2,1,371.0,1,51.2,1,5.6,1,78.1,1,0.28,2,444.2,1,20.4,1,16.5,2,18.6,0,2.7,1,10.9,2,82.0,1,60.2,0,22.7,0,52,2,95.1,3,73.6,0,39.8,1,70.5,0,98.4,0,93.1,1,4,3,38.1,2,39.2,1,80.9,2,42.0,2,85.1,3,0.33,3,0.090,3,4.2,3,0.365,2,20,0,5.2,2,13.1,2,97.9,3,2.4,0,34.9,1,72.0,1,14.0,1,2.39,2,8.9,1,8.1,0,4.7,2,717.0,1,67.3,2,1.6,3,84.6,3,26.1,3,13,2,0.4,0,3.4,0,65.0,1,0.458,0,0.14,2,4.1,0,34.7,2,11.4,0,6.1,1,4.1,1,65,3,9.1,1,49.8,1,2885.9,0,0.0024,2,27.6,2,1,0,5.2,3,30.7,2,91,3,0,0,70.3,2,1,3,12.2,0,0.0,0,83.5,2,0.0189,3,5.86,0,-7.8,0,0.33,1,156.1,0,15.2,3,1044.1,0,57,0,7376.2,0,23.9,0,66.6,1,7.6,0,60.5,1
New Hampshire,NH,9,54.9,2,33.6,0,13,44.3,1,19,69.0,2,5,47.4,2,22,32.0,1,23,82.8,3,6,58.6,2,10,81.3,3,2,65.9,2,5,53.6,2,3,40.7,0,24,74.8,2,25,62.3,2,16,23.8,0,50,53.5,1,2,30,0,10.3,1,0,0,7.3,3,0,0,25.3,0,0.9,3,7.0,2,25.8,0,9.6,2,26.0,2,30.7,2,64.3,2,42.7,0,9.3,3,107.6,2,56.7,1,4.6,2,79.9,2,0.19,3,340.2,2,34.3,0,18.0,1,15.0,1,1.4,2,8.6,2,91.0,3,62.8,3,41.6,3,74,0,69.6,1,88.2,2,48.4,1,85.0,3,91.9,0,95.6,2,3,2,28.8,1,38.7,1,83.1,2,33.4,0,95.6,3,0.55,2,0.007,3,5.0,3,0.131,3,34,0,4.5,2,19.3,2,34.7,1,4.2,2,4.2,3,78.9,3,7.6,3,1.87,2,1.8,3,4.0,3,3.1,2,775.9,1,77.5,3,12.2,1,86.9,3,30.6,3,9,3,3.1,2,6.9,2,82.1,3,0.430,1,0.45,1,1.1,2,34.4,2,5.9,2,4.0,0,1.3,3,17,0,5.9,3,44.4,1,29.2,3,0.0034,1,26.0,2,1,0,5.8,3,27.9,2,89,3,0,0,68.3,1,1,3,11.4,0,3.8,1,93.6,3,0.0087,3,1.06,1,-1.5,0,0.00,0,88.6,1,5.3,1,476.0,0,61,1,2344.1,0,36.4,1,73.9,3,1.3,3,69.0,2
New Jersey,NJ,14,52.7,2,53.3,2,3,52.5,2,6,63.2,2,16,61.8,2,3,33.6,1,22,64.0,2,35,46.4,0,18,50.8,2,29,48.5,2,24,26.8,0,49,48.7,1,9,86.7,3,6,71.7,2,8,39.5,0,43,43.3,0,13,29,0,12.8,1,1,3,10.4,3,1,3,19.7,0,2.0,2,7.4,2,22.2,1,11.1,1,26.5,2,19.9,3,70.8,3,52.4,1,11.0,3,473.7,0,54.9,1,4.9,2,80.2,3,0.58,0,334.9,2,16.3,2,14.0,3,7.9,3,3.1,1,6.2,3,84.3,2,61.5,1,44.5,3,61,1,72.7,1,90.1,3,63.1,2,80.0,2,100.0,0,93.7,1,4,3,30.8,2,37.5,1,81.2,2,35.3,1,99.1,3,0.29,3,0.404,2,50.1,0,0.271,2,23,0,4.5,2,3.7,0,12.6,1,4.0,1,21.1,2,74.8,2,11.8,2,0.88,1,7.4,1,6.7,1,3.7,2,904.6,2,74.7,3,9.0,2,79.2,1,21.0,2,38,0,2.8,2,6.4,2,65.8,1,0.481,0,0.17,2,4.0,0,68.5,0,8.0,1,14.6,3,3.1,1,55,2,8.5,1,51.8,0,1429.8,1,0.0009,3,15.9,3,3,2,1.2,3,17.8,3,47,1,1,3,75.1,3,1,3,12.5,0,0.0,0,92.7,3,0.0032,3,1.36,1,1.4,1,0.00,0,523.1,0,14.2,3,564.9,0,65,1,2108.7,0,39.0,1,63.8,1,4.2,0,61.5,1
New Mexico,NM,42,39.7,0,11.5,0,47,22.9,0,44,42.8,0,40,18.1,0,50,46.1,2,2,46.8,2,49,30.2,0,37,22.2,0,48,44.8,1,27,48.2,2,8,43.8,1,20,76.4,0,22,55.6,0,23,63.7,2,17,22.1,0,45,45,1,12.8,1,0,0,19.8,0,0,0,22.5,0,5.1,0,12.7,0,31.2,0,17.6,0,28.5,2,37.3,1,55.8,1,45.7,0,29.8,0,186.5,2,23.0,0,5.7,1,77.8,1,0.36,1,367.1,2,25.3,0,16.6,2,21.3,0,1.8,2,18.2,0,83.4,2,61.6,2,23.7,0,55,2,67.0,0,71.0,0,41.9,1,65.1,0,91.4,0,94.9,2,4,3,30.4,2,37.8,1,82.0,2,45.4,3,38.7,0,1.02,1,0.032,3,20.4,2,0.703,0,22,0,7.8,1,6.5,1,1.3,0,3.2,0,44.2,0,66.5,0,16.3,0,0.80,1,9.4,1,6.8,1,6.9,1,769.5,1,56.7,0,6.5,2,76.0,0,12.7,1,26,1,6.5,3,6.1,2,63.0,1,0.477,0,0.10,3,0.5,3,36.0,2,9.2,1,4.1,0,4.1,1,59,2,5.7,3,47.5,1,159.4,2,0.0019,2,81.4,0,2,1,6.8,2,118.5,0,97,3,0,0,70.9,2,1,3,24.1,0,0.0,0,80.8,2,0.1022,0,0.87,2,0.0,1,1.00,3,46.2,2,5.5,1,1037.2,0,61,1,12125.1,0,50.6,3,68.2,1,6.7,0,54.8,0
New York,NY,11,54.7,2,39.1,1,9,57.3,2,1,59.5,2,22,55.4,2,7,37.4,1,15,73.5,2,22,57.9,2,11,50.0,1,30,42.4,1,30,31.4,0,47,51.6,0,5,87.0,3,5,80.7,2,1,53.6,0,32,44.0,1,11,35,0,11.2,1,1,3,14.7,1,0,0,42.7,2,2.7,2,7.3,2,10.9,2,12.5,1,25.0,3,22.1,3,67.4,2,54.7,1,13.2,3,768.8,0,41.8,0,5.2,1,80.5,3,0.52,0,350.5,2,13.6,2,14.2,2,8.1,3,4.1,0,4.9,3,85.3,2,61.7,2,44.5,3,58,2,86.8,2,80.4,1,58.4,2,72.9,1,98.8,0,94.7,2,3,2,28.2,1,35.5,1,89.1,2,38.9,1,96.9,3,0.39,3,0.972,1,8.2,2,0.232,3,28,0,2.9,3,11.1,1,44.1,2,3.4,1,18.9,2,72.6,1,12.1,1,1.00,1,8.0,1,6.3,1,2.0,3,995.3,2,70.8,2,11.0,1,76.5,1,23.0,2,28,1,1.5,1,5.3,1,76.0,2,0.513,0,0.24,2,7.9,0,60.3,0,6.1,2,35.0,3,5.3,0,57,2,7.2,2,52.9,0,297.7,2,0.0008,3,15.2,3,2,1,2.4,3,19.0,3,89,3,1,3,77.0,3,1,3,8.5,0,3.8,1,87.1,2,0.0037,3,0.50,3,-0.4,0,1.00,3,142.9,0,9.2,2,569.8,0,61,1,1686.1,1,39.1,1,68.4,1,3.2,0,57.2,1
North Carolina,NC,32,44.0,1,15.4,0,39,32.6,1,36,51.7,1,30,39.9,1,35,27.9,1,31,69.7,2,27,42.2,1,24,42.9,1,36,49.6,2,22,36.2,1,35,32.4,0,39,79.1,2,17,72.7,2,7,31.2,1,47,36.6,0,22,46,1,16.2,0,0,0,15.4,1,0,0,7.0,0,3.2,1,11.6,0,17.5,1,15.1,1,31.5,1,34.0,1,60.1,2,51.1,1,21.8,1,354.9,1,47.2,0,7.6,0,77.9,1,0.32,1,426.9,1,15.8,2,17.9,1,12.8,2,2.1,2,12.3,1,83.7,2,61.8,2,32.9,1,58,2,68.9,1,85.9,2,42.1,1,71.7,1,98.9,0,93.6,1,2,1,24.7,1,31.9,1,81.9,2,39.7,1,42.9,0,0.32,3,0.050,3,10.5,2,0.401,2,34,0,5.7,2,8.0,1,27.6,1,3.6,1,43.1,0,70.7,1,13.0,1,2.01,2,7.7,1,6.8,1,3.9,2,1025.8,3,65.8,1,9.9,1,78.3,1,17.8,2,13,2,2.4,2,6.2,2,64.3,1,0.478,0,0.31,1,1.7,2,43.3,2,10.4,1,3.1,0,2.3,2,23,0,7.8,2,46.9,1,1130.3,1,0.0014,2,28.1,2,2,1,6.5,2,32.5,2,73,2,1,3,68.9,2,1,3,12.0,0,0.0,0,97.9,3,0.0465,2,0.41,3,1.3,1,0.00,0,71.1,1,3.8,1,812.6,0,65,1,6009.2,0,42.7,2,68.2,1,6.7,0,67.5,2
North Dakota,ND,28,46.3,1,30.1,0,14,41.3,1,21,61.6,2,18,54.9,2,8,22.4,1,41,80.4,3,9,22.4,0,45,72.8,2,9,40.3,1,34,50.8,0,5,49.0,2,7,20.0,0,50,34.8,0,41,74.8,2,6,38.2,0,20,48,1,8.2,2,0,0,10.7,2,0,0,8.1,0,1.9,2,3.4,3,23.2,1,8.8,2,31.7,1,32.0,2,56.5,1,39.7,0,20.3,2,53.4,3,35.8,0,6.3,1,79.8,2,0.29,1,352.2,2,8.6,3,19.8,1,16.4,1,1.9,2,11.5,1,81.7,1,63.1,3,36.4,2,NA,4,91.6,3,87.5,2,28.6,0,80.3,2,87.7,0,95.4,2,2,1,18.4,0,30.8,1,74.2,1,35.4,1,85.7,3,0.32,3,0.313,2,7.5,2,0.788,0,36,0,11.9,0,18.2,2,3.9,0,7.1,3,10.7,2,80.9,3,7.8,3,0.59,1,3.0,3,2.2,3,9.5,0,988.2,2,70.3,2,15.0,0,81.7,2,7.7,0,9,3,0.8,1,4.8,1,57.9,0,0.453,0,0.13,2,-0.2,3,41.9,2,7.0,2,4.5,0,2.1,2,38,1,4.2,3,39.6,2,524.1,2,0.0083,0,213.3,0,2,1,76.4,0,678.6,0,51,1,0,0,62.2,0,0,0,75.7,0,0.0,0,83.7,2,0.0592,2,0.57,2,7.5,3,1.00,3,17.4,3,2.1,0,601.4,0,59,0,8883.0,0,27.0,0,71.5,2,2.0,2,64.2,1
Ohio,OH,36,42.3,1,24.0,0,26,38.9,1,26,43.9,1,39,40.2,1,34,23.0,1,38,69.3,2,29,28.9,0,40,55.8,2,23,44.5,2,28,42.8,1,17,35.8,1,34,64.7,0,36,44.8,0,34,41.3,0,41,36.1,0,24,43,1,10.7,1,0,0,14.6,1,0,0,22.4,0,2.6,2,7.7,1,22.7,1,14.8,1,30.9,1,27.1,2,62.9,2,50.2,1,21.8,1,212.5,2,55.2,1,7.6,0,77.5,1,0.32,1,458.6,1,29.9,0,22.5,1,12.9,2,1.3,2,9.4,2,76.6,0,60.0,0,32.6,1,64,1,78.1,1,83.5,1,44.6,1,75.9,1,98.8,0,95.0,2,2,1,22.0,1,37.1,1,77.1,1,37.6,1,74.4,1,0.37,3,0.168,3,25.5,1,0.685,1,29,0,6.9,2,3.8,0,7.0,1,4.2,2,23.0,2,73.3,2,11.3,2,1.62,2,5.8,2,5.9,1,4.3,2,898.2,2,67.4,2,6.9,2,76.9,1,14.7,1,17,2,2.0,1,6.0,2,73.4,2,0.468,0,0.30,2,2.1,1,50.4,1,5.6,2,4.3,0,1.4,3,41,1,9.6,1,45.3,1,2361.4,0,0.0025,2,33.6,1,2,1,29.5,0,29.2,2,82,2,0,0,66.8,1,0,0,18.5,0,0.0,0,88.3,2,0.0101,3,0.25,3,-0.1,0,1.00,3,105.5,0,<1,0,924.5,0,68,1,5204.6,0,33.7,1,68.7,2,5.6,0,63.6,1
Oklahoma,OK,45,35.2,0,13.7,0,43,17.9,0,49,31.1,0,47,38.0,1,38,17.1,0,46,68.9,3,30,33.1,0,36,39.7,1,40,26.9,1,44,38.8,0,30,32.0,1,40,68.6,0,33,26.9,0,50,59.2,0,23,15.6,0,49,48,1,15.4,0,0,0,16.3,1,0,0,8.0,0,3.9,0,10.5,0,21.4,1,15.2,1,32.7,1,49.1,0,28.1,0,53.1,1,33.4,0,179.9,2,56.5,1,7.6,0,75.7,0,0.47,0,560.6,0,19.0,1,19.6,1,18.5,0,1.4,2,17.6,0,78.1,0,59.7,0,26.8,0,50,3,70.0,1,81.6,1,41.3,1,76.0,1,90.6,0,92.8,0,2,1,14.1,0,34.2,1,73.8,1,37.6,1,90.5,3,0.39,3,0.089,3,37.2,1,0.471,2,32,0,9.1,1,12.1,1,4.5,0,4.0,1,27.0,1,69.4,1,13.8,1,1.90,2,11.0,0,4.8,2,8.1,0,802.8,2,55.7,0,15.0,0,78.0,1,9.6,1,26,1,0.7,1,5.2,1,59.2,1,0.465,0,0.15,2,0.9,2,39.2,2,13.8,0,2.5,0,2.8,2,29,1,8.1,1,44.1,1,434.7,2,0.0030,2,81.5,0,2,1,25.6,0,110.0,0,88,2,0,0,63.1,0,0,0,26.0,0,0.0,0,72.4,1,0.2977,0,4.22,0,-2.8,0,1.00,3,27.7,2,2.4,0,1558.7,0,59,0,11133.6,0,28.2,1,68.3,1,6.2,0,56.6,1
Oregon,OR,5,58.3,2,36.8,1,10,39.7,1,25,61.2,2,19,35.8,1,43,38.9,1,11,77.7,3,16,86.2,2,1,56.7,2,20,66.4,2,3,48.6,2,6,51.9,2,4,79.7,2,15,75.2,2,5,77.5,2,5,42.6,0,14,26,0,11.0,1,0,0,13.3,2,1,3,37.0,1,3.1,1,6.2,2,15.3,2,14.6,1,28.4,2,42.0,0,58.8,2,53.0,1,16.6,2,193.7,2,54.5,1,5.1,1,79.5,2,0.21,3,349.2,2,12.0,2,16.2,2,17.5,1,1.7,2,11.5,1,74.5,0,61.1,1,34.9,2,58,2,72.2,1,74.8,0,45.9,1,78.8,2,98.2,0,94.0,1,4,3,33.3,2,47.5,0,79.3,1,42.6,2,83.3,2,0.43,3,0.013,3,14.0,2,0.136,3,24,0,4.8,2,45.4,3,99.8,3,3.7,1,7.1,3,72.6,1,12.2,1,2.02,2,5.1,2,6.8,1,3.4,2,626.4,1,70.6,2,5.3,2,86.1,3,31.4,3,11,2,3.3,2,7.0,2,72.4,2,0.458,0,0.27,2,1.6,2,36.5,2,6.2,2,10.8,3,3.2,1,68,3,6.8,2,51.4,0,174.6,2,0.0024,2,33.2,1,2,1,5.4,3,116.8,0,92,3,1,3,72.1,2,1,3,9.5,0,0.0,0,78.1,1,0.0127,3,0.32,3,-0.5,0,1.00,3,33.9,2,12.7,2,758.1,0,59,0,6573.0,0,48.9,2,70.4,2,2.8,1,66.3,2
Pennsylvania,PA,30,45.5,1,27.0,0,20,41.1,1,22,55.4,1,25,53.5,2,12,21.0,0,43,65.3,2,33,38.0,0,31,55.4,2,25,33.7,0,40,32.6,0,44,42.0,2,21,77.4,1,19,60.1,0,18,45.1,0,40,34.9,0,27,39,0,11.1,1,0,0,12.9,2,0,0,30.2,0,2.1,2,7.7,1,19.7,1,12.5,1,29.5,2,27.3,2,47.9,1,51.9,1,15.8,2,314.4,1,56.1,1,6.9,0,78.5,2,0.33,1,396.7,2,26.3,0,18.0,1,13.2,2,1.5,2,7.9,2,83.5,2,61.2,1,39.0,2,68,0,92.9,3,86.1,2,48.5,1,77.6,2,99.4,0,95.6,2,2,1,19.4,0,37.4,1,79.3,1,34.5,0,91.2,3,0.39,3,0.149,3,44.1,0,0.395,2,27,0,6.0,2,5.2,1,2.3,0,4.4,2,35.7,1,73.1,1,11.5,2,1.80,2,4.7,2,5.9,1,4.2,2,996.6,2,69.1,2,19.8,0,75.4,0,14.7,1,32,0,2.1,1,6.0,2,71.8,2,0.469,0,0.31,1,3.9,0,59.1,0,5.6,2,9.9,2,1.5,3,47,2,10.1,0,46.9,1,1240.5,1,0.0024,2,35.0,1,3,2,23.4,0,34.5,2,82,2,0,0,69.0,2,1,3,18.2,0,0.0,0,98.6,3,0.0048,3,0.15,3,0.7,1,1.00,3,110.2,0,2.5,0,997.5,0,58,0,2421.4,0,31.0,1,66.3,1,5.2,0,62.6,1
Rhode Island,RI,12,54.4,2,59.3,2,1,45.2,1,17,67.7,2,6,48.0,2,19,39.6,2,8,59.0,2,44,60.3,0,8,55.6,2,24,39.2,2,35,39.1,0,28,45.7,2,16,97.6,3,2,66.2,0,11,54.8,2,30,37.9,1,21,43,1,10.3,1,1,3,12.8,2,1,3,35.7,1,1.6,3,9.0,1,22.2,1,12.8,1,26.1,2,19.2,3,43.7,1,53.6,1,12.9,3,259.5,2,67.0,2,6.3,1,79.6,2,0.22,2,340.6,2,28.2,0,14.4,2,10.3,3,1.2,2,4.6,3,87.4,3,60.5,1,40.6,3,61,1,76.6,1,82.8,1,50.4,2,75.6,1,100.0,0,95.4,2,4,3,31.9,2,30.6,1,81.5,2,35.8,1,16.7,0,0.37,3,0.191,3,10.2,2,0.406,2,26,0,4.1,2,3.6,0,100.0,3,3.7,1,12.4,2,73.6,2,9.8,2,1.03,1,5.0,2,6.5,1,4.3,2,1381.9,3,73.3,3,24.9,0,80.1,2,15.3,1,54,0,2.6,2,5.8,1,65.2,1,0.478,0,0.09,3,3.4,0,52.0,1,4.3,3,7.0,1,1.8,2,52,2,7.5,2,48.5,1,285.4,2,0.0007,3,21.3,2,4,3,2.9,3,20.2,2,27,0,1,3,71.3,2,1,3,10.3,0,3.8,1,68.9,0,0.0014,3,0.06,3,2.9,2,1.00,3,413.3,0,6.3,1,NA,4,68,1,NA,4,42.1,2,69.9,2,2.7,1,60.6,1
South Carolina,SC,34,43.2,1,16.7,0,38,32.5,1,37,42.8,1,41,40.7,1,33,16.6,0,47,82.6,3,7,40.8,1,27,40.0,1,39,41.5,2,32,45.3,1,12,31.6,0,42,76.5,2,21,57.2,0,21,56.4,1,27,27.3,0,37,49,1,15.8,0,0,0,15.3,1,0,0,11.5,0,3.3,1,10.7,0,21.5,1,13.0,1,32.0,1,30.1,2,53.2,1,47.8,0,23.7,1,394.6,1,69.5,2,7.4,0,76.8,0,0.43,0,474.1,1,15.7,2,20.0,1,14.2,2,2.0,2,17.1,0,83.6,2,61.0,1,29.0,1,60,1,84.5,2,82.6,1,49.3,1,71.4,1,99.4,0,94.8,2,1,0,15.9,0,40.1,0,77.8,1,39.4,1,96.2,3,0.37,3,0.060,3,14.0,2,0.288,2,25,0,9.2,1,8.6,1,17.8,1,3.7,1,26.1,1,69.8,1,14.5,0,2.54,2,8.9,1,6.8,1,6.4,1,1009.1,3,61.5,1,10.3,1,80.1,2,14.0,1,16,2,1.1,1,4.8,1,74.5,2,0.474,0,0.24,2,0.7,2,46.7,1,10.0,1,3.1,0,1.7,2,17,0,7.8,2,48.8,1,1122.5,1,0.0019,2,33.5,1,2,1,9.9,2,43.0,2,84,2,0,0,66.9,1,1,3,15.0,0,0.0,0,91.9,3,0.1139,0,0.43,3,-1.4,0,1.00,3,55.9,1,4.2,1,975.6,0,60,1,6514.6,0,31.0,1,67.7,1,7.4,0,62.1,1
South Dakota,SD,23,48.1,1,28.6,0,15,33.3,1,35,58.3,2,23,37.1,1,41,22.6,1,40,77.8,2,15,68.4,2,6,75.9,2,6,24.7,1,46,41.3,2,23,46.6,1,12,73.3,0,26,35.6,0,39,70.9,2,8,26.7,0,39,51,1,8.9,2,0,0,13.3,2,0,0,16.8,0,2.1,2,5.3,2,28.8,0,10.6,1,29.3,2,38.7,1,43.4,1,45.0,0,25.1,1,73.3,3,43.8,0,6.9,0,79.1,2,0.30,1,371.4,2,8.4,3,18.1,1,17.6,1,1.6,2,14.3,1,79.9,1,64.1,3,34.3,2,75,0,82.4,2,83.9,1,37.1,1,79.8,2,99.6,0,95.4,2,2,1,19.0,0,32.8,1,78.1,1,35.9,1,94.5,3,0.56,2,0.315,2,6.3,2,0.232,3,32,0,9.4,1,34.6,3,89.7,3,6.2,3,6.2,3,79.0,3,10.7,2,1.28,1,4.2,2,3.2,3,6.2,1,748.6,1,67.1,2,19.6,0,76.6,1,10.0,1,17,2,0.6,0,4.5,1,76.7,2,0.450,1,0.81,0,0.1,3,43.3,2,8.7,1,4.8,0,2.2,2,36,1,5.5,3,40.8,1,82.0,3,0.0028,2,73.2,0,2,1,17.2,1,109.0,0,63,2,0,0,65.2,1,0,0,16.6,0,0.0,0,66.5,0,0.0852,1,1.01,1,2.0,2,1.00,3,8.4,3,1.6,0,928.2,0,56,0,12472.1,0,24.3,0,75.3,3,3.1,0,59.1,1
Tennessee,TN,37,41.5,1,20.7,0,31,27.6,0,42,40.0,1,43,50.1,1,18,27.7,1,32,77.1,3,17,41.0,1,26,42.8,1,37,40.8,2,33,31.7,0,46,30.8,0,45,66.1,0,34,41.5,0,37,59.8,2,22,25.0,0,40,49,1,12.4,1,0,0,15.8,1,0,0,23.2,0,3.3,1,10.3,0,22.6,1,13.4,1,34.8,0,36.1,1,62.4,2,45.8,0,28.0,0,297.4,1,70.2,2,7.6,0,76.1,0,0.34,1,526.3,0,22.2,1,22.1,1,14.9,1,1.9,2,14.4,1,79.5,1,61.5,1,31.1,1,60,1,89.3,2,88.5,2,40.1,1,75.7,1,95.9,0,93.4,1,3,2,15.9,0,36.0,1,82.3,2,39.3,1,77.0,2,0.37,3,0.050,3,13.3,2,0.502,1,29,0,7.7,1,8.7,1,38.5,1,4.3,2,41.2,0,69.6,1,12.7,1,2.35,2,10.8,0,6.2,1,5.1,1,933.4,2,60.2,1,5.0,2,76.9,1,11.9,1,8,3,1.4,1,4.7,1,65.8,1,0.479,0,0.57,0,2.3,1,38.0,2,9.0,1,2.3,0,2.2,2,25,0,8.2,1,47.2,1,1967.9,0,0.0017,2,37.3,1,1,0,13.1,1,41.4,2,56,1,0,0,64.1,0,0,0,15.1,0,0.0,0,87.2,2,0.0186,3,0.35,3,0.2,1,1.00,3,50.5,1,3.6,1,1081.8,0,66,1,9562.2,0,51.0,3,68.3,1,7.3,0,54.0,0
Texas,TX,40,40.3,1,7.7,0,48,35.3,1,31,53.4,1,28,45.5,2,29,25.2,1,36,60.0,2,41,29.8,0,38,46.5,1,34,50.0,2,20,36.3,0,34,26.2,0,49,82.7,1,14,30.2,0,48,48.9,2,36,26.9,0,38,29,0,17.9,0,0,0,15.6,1,0,0,4.3,0,4.1,0,9.5,0,20.8,1,14.3,1,33.4,0,30.7,2,59.5,2,58.9,1,31.0,0,368.9,1,67.3,2,6.0,1,78.5,2,0.44,0,399.6,2,9.4,3,14.3,2,11.9,2,4.0,0,11.6,1,80.1,1,62.3,2,30.2,1,56,2,75.2,1,89.1,3,42.6,1,72.5,1,99.3,0,91.1,0,3,2,20.4,1,37.2,1,79.4,1,40.9,2,78.9,2,0.47,3,0.124,3,43.9,0,0.520,1,29,0,8.6,1,5.1,1,3.2,0,3.0,0,33.4,1,72.2,1,13.6,1,3.04,3,9.4,1,5.2,2,5.6,1,982.7,2,62.7,1,1.7,3,78.4,1,17.7,2,18,2,1.5,1,6.3,2,54.2,0,0.480,0,0.20,2,0.2,3,43.9,2,16.6,0,3.4,0,5.0,0,36,1,8.9,1,47.3,1,770.3,1,0.0014,2,41.5,1,3,2,15.5,1,63.6,1,65,2,0,0,68.9,2,0,0,22.8,0,0.0,0,83.5,2,0.8880,0,0.96,2,1.6,2,1.00,3,86.6,1,1.5,0,1160.5,0,60,1,5527.0,0,34.1,1,64.3,1,5.3,0,55.4,1
Utah,UT,20,49.6,1,22.5,0,28,40.2,1,23,67.5,2,9,50.3,2,17,13.4,0,50,78.3,3,12,26.6,0,42,73.6,2,7,66.2,2,4,47.1,2,11,45.2,1,18,59.8,0,40,46.2,0,33,61.3,2,20,44.8,1,10,31,0,11.7,1,0,0,10.2,3,0,0,9.3,0,2.7,2,6.2,2,18.4,1,11.5,1,25.6,3,54.5,0,74.3,3,40.2,0,15.6,2,116.4,2,66.9,2,5.0,1,79.6,2,0.31,1,295.7,3,23.4,1,8.8,3,21.0,0,0.9,2,7.3,2,79.3,1,62.8,3,33.6,2,43,3,69.0,1,85.2,2,41.8,1,80.5,2,98.1,0,89.0,0,2,1,19.2,0,31.1,1,70.5,0,36.6,1,99.2,3,0.27,3,0.047,3,30.3,1,0.739,0,33,0,6.0,2,3.9,0,2.1,0,3.4,1,8.5,3,76.1,2,9.7,2,3.34,3,3.9,2,3.9,3,4.4,2,906.7,2,70.6,2,3.1,3,86.0,3,19.4,2,10,3,2.8,2,7.1,2,71.0,2,0.426,1,0.10,3,2.1,1,45.1,2,8.8,1,6.0,1,3.6,1,75,3,8.1,1,45.0,1,3301.8,0,0.0035,1,53.6,0,2,1,8.3,2,65.6,1,56,1,0,0,63.1,0,1,3,21.2,0,0.0,0,78.0,1,0.0071,3,0.78,2,1.9,2,1.00,3,142.0,0,11.6,2,610.6,0,62,1,5378.5,0,40.5,2,72.8,2,2.4,1,62.7,1
Vermont,VT,3,59.4,2,48.1,2,6,51.9,2,8,74.0,2,3,55.9,2,6,48.8,2,1,75.4,3,20,72.3,2,3,78.8,3,4,46.9,2,25,60.9,2,2,44.2,0,19,96.0,3,4,64.3,2,14,37.1,0,45,36.2,2,23,40,1,8.2,2,0,0,11.9,2,1,3,47.1,2,1.8,3,6.3,2,11.5,2,10.1,1,26.6,2,38.5,1,62.4,2,64.6,2,10.3,3,123.7,2,53.6,1,4.8,2,79.9,2,0.18,3,346.5,2,16.7,2,17.0,2,16.2,1,0.5,3,9.0,2,86.9,3,64.1,3,39.4,2,63,1,75.6,1,87.7,2,57.7,2,83.3,3,87.2,0,98.0,3,4,3,40.0,3,38.1,1,86.0,2,36.2,1,77.6,2,0.45,3,0.002,3,14.7,2,0.006,3,44,0,4.8,2,24.9,3,100.0,3,5.3,3,4.6,3,77.4,3,7.6,3,0.73,1,1.5,3,3.9,3,4.0,2,502.2,0,70.1,2,5.6,2,80.7,2,31.4,3,24,1,1.2,1,5.8,1,83.0,3,0.454,0,0.16,2,0.6,2,41.6,2,3.7,3,7.7,2,2.1,2,25,0,5.5,3,50.7,0,43.2,3,0.0018,2,22.8,2,4,3,2.2,3,40.1,2,0,0,1,3,72.7,3,1,3,9.8,0,3.8,1,72.1,1,0.0283,3,0.35,3,-1.7,0,0.00,0,33.3,2,4.1,1,NA,4,60,1,NA,4,29.1,1,75.2,3,2.2,2,62.5,1
Virginia,VA,21,49.4,1,24.5,0,23,46.1,1,16,64.1,2,15,53.7,2,11,29.3,1,28,64.6,2,34,34.8,1,34,57.2,2,19,51.6,2,17,31.0,1,48,41.7,1,22,84.0,2,10,75.5,2,4,47.1,1,37,35.4,0,25,37,0,13.4,1,0,0,11.0,2,0,0,19.2,0,2.2,2,5.0,3,17.2,1,9.9,2,28.5,2,33.3,1,56.5,1,47.7,0,15.5,2,307.7,1,63.1,1,6.7,0,79.2,2,0.27,2,375.4,2,12.4,2,15.3,2,12.6,2,2.4,1,8.7,2,83.1,2,61.9,2,41.1,3,56,2,71.7,1,86.7,2,49.3,1,77.3,2,91.6,0,94.1,1,2,1,27.1,1,34.8,1,80.3,2,40.1,2,71.4,1,0.31,3,1.377,0,4.2,3,0.394,2,45,0,5.5,2,6.9,1,14.5,1,4.1,1,35.0,1,73.8,2,10.2,2,0.90,1,4.6,2,4.7,2,4.2,2,838.4,2,69.0,2,6.7,2,82.2,2,7.4,0,23,1,2.1,1,8.7,3,63.3,1,0.471,0,0.46,1,2.4,1,49.2,1,8.7,1,7.2,1,2.0,2,37,1,7.5,2,49.1,1,989.5,1,0.0018,2,30.2,1,3,2,8.4,2,30.5,2,77,2,1,3,71.1,2,1,3,12.3,0,0.0,0,100.0,3,0.0061,3,0.43,3,0.9,1,1.00,3,104.1,0,3.6,1,1150.3,0,66,1,6678.2,0,38.3,1,72.8,2,5.8,0,68.2,2
Washington,WA,2,59.8,2,56.5,2,2,48.7,2,12,67.5,2,11,38.0,0,37,36.2,0,18,65.3,2,32,74.3,2,2,64.5,2,14,74.3,2,1,45.0,2,13,48.7,2,10,84.4,2,9,73.8,2,6,71.8,2,7,48.5,1,5,30,0,10.1,1,1,3,11.3,2,1,3,25.0,0,1.7,3,4.9,3,20.8,1,11.6,1,28.4,2,30.4,2,65.9,2,56.9,1,16.6,2,208.3,2,31.6,0,4.8,2,80.2,3,0.20,3,330.2,2,14.7,2,13.9,3,14.7,1,2.8,1,6.9,3,84.4,2,61.7,2,37.3,2,53,2,58.8,0,79.7,0,42.6,1,76.8,2,98.1,0,92.7,0,4,3,37.4,2,44.8,0,76.5,1,41.7,2,88.5,3,0.44,3,0.073,3,41.7,0,0.089,3,64,0,5.0,2,43.9,3,90.9,3,3.6,1,18.8,2,72.9,1,12.3,1,3.59,3,4.1,2,5.6,1,2.5,3,898.2,2,75.6,3,4.8,2,86.4,3,29.1,3,31,0,4.5,3,9.2,3,69.1,2,0.459,0,0.29,2,2.0,1,38.6,2,6.0,2,10.7,3,3.3,1,62,2,7.8,2,47.4,1,510.8,2,0.0025,2,32.4,1,3,2,5.0,3,74.0,1,92,3,1,3,72.6,2,1,3,10.6,0,0.0,0,74.4,1,0.0210,3,0.39,3,-1.2,0,1.00,3,59.4,1,14.4,3,557.3,0,67,1,4376.4,0,46.5,2,68.4,1,2.7,1,66.3,2
West Virginia,WV,48,33.4,0,18.3,0,37,22.0,0,46,32.2,0,46,30.7,0,46,23.0,1,39,59.5,2,43,15.4,0,49,33.4,0,46,21.7,0,48,51.1,2,4,33.9,0,36,57.1,0,43,33.8,0,42,40.7,0,42,27.9,0,36,59,2,14.6,1,0,0,17.9,0,0,0,16.5,0,3.2,1,9.3,0,17.7,1,14.9,1,37.3,0,41.3,0,40.0,0,51.9,1,29.3,0,113.3,2,45.2,0,7.3,0,75.3,0,0.32,1,534.5,0,41.5,0,24.8,0,17.0,1,0.9,2,11.7,1,79.5,1,58.8,0,25.7,0,77,0,78.1,1,89.8,3,35.1,1,72.3,1,76.9,0,94.9,2,2,1,14.9,0,32.1,1,72.2,1,38.2,1,74.8,1,0.53,2,0.084,3,40.1,0,0.900,0,31,0,11.5,0,6.7,1,1.1,0,4.5,2,6.2,3,63.0,0,16.5,0,0.58,1,8.0,1,6.3,1,7.7,0,759.3,1,61.9,1,17.3,0,76.6,1,4.9,0,19,2,0.7,1,4.0,0,66.1,1,0.471,0,0.22,2,0.7,2,36.2,2,5.3,2,3.9,0,1.4,3,14,0,7.7,2,48.4,1,1336.5,1,0.0028,2,91.7,0,2,1,55.7,0,98.4,1,45,1,0,0,60.5,0,0,0,50.0,0,0.0,0,88.4,2,0.0605,2,0.75,2,-0.6,0,0.00,0,27.3,2,4.1,1,1072.5,0,66,1,6810.3,0,43.0,2,60.6,0,4.4,0,50.8,0
Wisconsin,WI,16,52.2,2,25.8,0,21,46.9,1,15,67.2,2,12,53.0,2,14,31.1,1,26,62.9,2,37,44.4,1,21,73.2,2,8,50.6,2,19,41.1,1,24,45.8,2,15,82.8,2,13,46.6,0,31,67.8,2,13,43.7,0,12,34,0,10.4,1,0,0,11.8,2,0,0,19.8,0,2.2,2,4.7,3,18.0,1,10.7,1,30.1,1,26.4,2,56.8,1,47.2,0,15.0,2,122.0,2,65.7,2,6.1,1,79.5,2,0.24,2,349.3,2,15.5,2,17.1,1,13.4,2,0.9,2,10.5,2,84.4,2,61.6,2,35.7,2,67,0,91.3,3,88.2,2,45.2,1,79.3,2,97.4,0,96.6,3,3,2,24.2,1,35.5,1,78.3,1,36.2,1,81.3,2,0.44,3,0.211,3,38.3,0,0.628,1,32,0,6.6,2,9.4,1,64.3,2,4.7,2,19.0,2,78.3,3,8.4,3,1.65,2,3.4,2,4.6,2,3.9,2,911.2,2,66.5,1,8.7,2,84.5,3,17.5,2,27,1,2.0,1,5.8,1,68.1,1,0.450,1,0.16,2,2.1,1,74.9,0,5.3,2,5.9,1,1.7,2,50,2,7.4,2,44.4,1,543.0,2,0.0025,2,36.7,1,3,2,14.0,1,37.7,2,0,0,0,0,68.1,1,1,3,17.3,0,0.0,0,81.7,2,0.0178,3,0.47,3,0.6,1,1.00,3,44.7,2,7.3,2,925.4,0,63,1,5361.7,0,50.5,2,70.7,2,4.0,0,70.5,2
Wyoming,WY,39,40.9,1,19.2,0,34,31.8,0,40,50.8,1,32,44.4,2,30,14.8,0,49,79.0,3,11,14.2,0,50,54.8,2,26,45.3,2,26,42.6,1,20,56.9,2,2,32.6,0,48,33.2,0,45,64.4,2,16,30.3,0,32,43,1,14.4,1,0,0,11.3,2,0,0,4.9,0,3.3,1,6.2,2,29.2,0,12.7,1,27.5,2,39.0,1,42.3,0,44.1,0,26.1,1,59.7,3,55.7,1,6.3,1,78.4,1,0.34,1,365.8,2,16.4,2,18.9,1,24.6,0,0.3,3,13.5,1,74.7,0,62.1,2,27.2,1,45,3,77.7,1,80.0,1,43.0,1,81.0,2,89.0,0,93.3,1,1,0,11.1,0,38.3,1,76.8,1,39.2,1,91.8,3,0.36,3,0.016,3,20.2,2,0.945,0,24,0,14.7,0,9.3,1,0.5,0,4.6,2,9.4,3,75.6,2,12.2,1,0.21,0,2.4,3,4.1,3,12.6,0,1024.4,3,65.4,1,11.0,1,83.8,3,12.3,1,9,3,0.6,0,4.4,1,59.3,1,0.436,1,0.34,1,0.5,3,35.6,2,11.5,0,6.4,1,2.1,2,64,3,3.8,3,41.3,1,188.2,2,0.0038,1,249.4,0,1,0,88.3,0,427.4,0,63,2,0,0,60.9,0,0,0,110.5,0,0.0,0,78.7,1,0.0196,3,1.37,1,-9.8,0,1.00,3,16.3,3,11.3,2,1007.1,0,51,0,8015.0,0,19.9,0,73.3,2,3.4,0,64.8,1